{"ItemKNNCF": {"0": {"topK": 1000, "shrink": 1000, "feature_weighting": "TF-IDF"}, "1": {"topK": 996, "shrink": 721, "feature_weighting": "TF-IDF"}}, "P3alpha": {"0": {"topK": 21, "alpha": 0.4646073111431587, "normalize_similarity": false}, "1": {"topK": 21, "alpha": 0.4646073111431587, "normalize_similarity": false}}, "RP3beta": {"0": {"topK": 36, "alpha": 0.5875157071691232, "beta": 0.0, "normalize_similarity": true}, "1": {"topK": 281, "alpha": 0.09692257086505077, "beta": 0.506777069576153, "normalize_similarity": false}}, "SLIMElasticNet": {"0": {"topK": 500, "l1_ratio": 0.03335306757256674, "alpha": 0.001}, "1": {"topK": 500, "l1_ratio": 0.03335306757256674, "alpha": 0.001}}, "EASE_R": {"0": {"topK": null, "normalize_matrix": false, "l2_norm": 112.38595929908527}, "1": {"topK": null, "normalize_matrix": false, "l2_norm": 112.38595929908527}}}