{"ItemKNNCF": {"0": {"topK": 792, "shrink": 289, "feature_weighting": "none"}, "1": {"topK": 1000, "shrink": 190, "feature_weighting": "none"}}, "P3alpha": {"0": {"topK": 13, "alpha": 0.446579047928365, "normalize_similarity": false}, "1": {"topK": 1000, "alpha": 0.4046824559048818, "normalize_similarity": false}}, "RP3beta": {"0": {"topK": 1000, "alpha": 0.3219639589814553, "beta": 0.0, "normalize_similarity": false}, "1": {"topK": 931, "alpha": 0.3489199125342722, "beta": 0.004100772632102513, "normalize_similarity": false}}, "SLIMElasticNet": {"0": {"topK": 500, "l1_ratio": 4.919934023806273e-05, "alpha": 0.06492559861055365}, "1": {"topK": 500, "l1_ratio": 4.919934023806273e-05, "alpha": 0.06492559861055365}}, "EASE_R": {"0": {"topK": null, "normalize_matrix": false, "l2_norm": 356.49564462378277}, "1": {"topK": null, "normalize_matrix": false, "l2_norm": 356.49564462378277}}}