{"ItemKNNCF": {"0": {"topK": 811, "shrink": 0, "feature_weighting": "TF-IDF"}, "1": {"topK": 672, "shrink": 0, "feature_weighting": "BM25"}}, "P3alpha": {"0": {"topK": 573, "alpha": 1.2021073534956637, "normalize_similarity": false}, "1": {"topK": 765, "alpha": 0.8374730308256211, "normalize_similarity": false}}, "RP3beta": {"0": {"topK": 291, "alpha": 0.5927014719767103, "beta": 0.37269315009271686, "normalize_similarity": true}, "1": {"topK": 291, "alpha": 0.5927014719767103, "beta": 0.37269315009271686, "normalize_similarity": true}}, "SLIMElasticNet": {"0": {"topK": 181, "l1_ratio": 1e-05, "alpha": 0.028297054566729953}, "1": {"topK": 277, "l1_ratio": 0.003944788239919436, "alpha": 0.05722804402642316}}, "EASE_R": {"0": {"topK": null, "normalize_matrix": false, "l2_norm": 88.8865747881516}, "1": {"topK": null, "normalize_matrix": false, "l2_norm": 90.61090128890365}}}