{"ItemKNNCF": {"0": {"topK": 280, "shrink": 1000, "feature_weighting": "TF-IDF"}, "1": {"topK": 960, "shrink": 866, "feature_weighting": "BM25"}}, "P3alpha": {"0": {"topK": 14, "alpha": 1.999067138474273, "normalize_similarity": true}, "1": {"topK": 14, "alpha": 1.999067138474273, "normalize_similarity": true}}, "RP3beta": {"0": {"topK": 1000, "alpha": 0.7225094971473907, "beta": 0.5023426039595623, "normalize_similarity": true}, "1": {"topK": 158, "alpha": 0.9349210157549916, "beta": 0.5735081494079154, "normalize_similarity": true}}, "SLIMElasticNet": {"0": {"topK": 500, "l1_ratio": 0.022025533726475078, "alpha": 0.001}, "1": {"topK": 364, "l1_ratio": 0.0018271784950514571, "alpha": 0.026810785467012665}}, "EASE_R": {"0": {"topK": null, "normalize_matrix": false, "l2_norm": 752.9291300627712}, "1": {"topK": null, "normalize_matrix": false, "l2_norm": 752.9291300627712}}}